territory,netflix_ratio,7d_local,7d_usd,14d_local,14d_usd,21d_local,21d_usd,28d_local,28d_usd
AFG,0.4,2.99,2.99,4.99,4.99,5.99,5.99,7.99,7.99
AGO,0.4,2.99,2.99,4.99,4.99,5.99,5.99,7.99,7.99
AIA,0.775,5.99,5.99,8.99,8.99,11.99,11.99,14.99,14.99
ALB,0.465,4.99,3.99,6.99,5.59,7.99,6.66,10.99,9.08
ARE,0.667,19.99,5.33,32.99,7.91,39.99,9.99,46.99,12.75
ARG,0.523,3.99,3.99,5.99,5.99,7.99,7.99,9.99,9.99
ARM,0.581,5.99,4.79,8.99,7.19,9.99,8.32,12.99,10.73
ATG,0.775,5.99,5.99,8.99,8.99,11.99,11.99,14.99,14.99
AUS,0.75,9.99,6.14,14.99,8.99,16.99,11.08,22.99,14.56
AUT,0.928,7.99,7.1,11.99,11.07,16.99,14.16,18.99,18.04
AZE,0.581,5.99,4.79,8.99,7.19,9.99,8.32,12.99,10.73
BEL,0.988,8.99,7.99,12.99,11.99,17.99,14.99,19.99,18.99
BEN,0.4,3.99,3.19,5.99,4.79,6.99,5.82,9.99,8.25
BFA,0.4,2.99,2.99,4.99,4.99,5.99,5.99,7.99,7.99
BGR,0.523,4.99,4.43,6.99,6.45,8.99,7.49,9.99,9.49
BHR,0.525,4.99,4.43,6.99,6.45,7.99,7.99,10.99,10.44
BHS,0.775,6.99,6.21,9.99,9.22,11.99,11.99,15.99,15.19
BIH,0.465,3.99,3.55,5.99,5.53,7.99,6.66,8.99,8.54
BLR,0.581,5.99,4.79,8.99,7.19,9.99,8.32,12.99,10.73
BLZ,0.3,2.49,2.49,3.99,3.99,5.99,5.99,7.99,7.99
BMU,0.775,5.99,5.99,8.99,8.99,11.99,11.99,14.99,14.99
BOL,0.3,2.49,2.49,3.99,3.99,5.99,5.99,7.99,7.99
BRA,0.445,21.9,3.51,35.9,5.39,44.9,6.74,52.9,8.38
BRB,0.765,7.99,6.39,10.99,8.79,13.99,11.66,17.99,14.86
BRN,0.7,5.99,5.99,7.99,7.99,10.99,10.99,12.99,12.99
BTN,0.4,2.99,2.99,4.99,4.99,5.99,5.99,7.99,7.99
BWA,0.4,2.99,2.99,4.99,4.99,5.99,5.99,7.99,7.99
CAN,0.684,6.99,5.59,9.99,7.99,13.99,10.49,16.99,12.91
CHE,1.471,10.0,11.41,14.0,16.79,21.0,22.48,27.0,28.48
CHL,0.56,5590.0,4.47,7290.0,6.73,10090.0,8.41,11190.0,10.63
CHN,0.606,35.0,4.82,53.0,7.22,58.0,8.87,78.0,11.57
CIV,0.4,3.99,3.19,5.99,4.79,6.99,5.82,9.99,8.25
CMR,0.4,3.99,3.19,5.99,4.79,6.99,5.82,9.99,8.25
COD,0.4,2.99,2.99,4.99,4.99,5.99,5.99,7.99,7.99
COG,0.4,3.99,3.19,5.99,4.79,6.99,5.82,9.99,8.25
COL,0.401,15900.0,3.18,23900.0,4.78,27900.0,5.98,37900.0,8.01
CPV,0.4,2.99,2.99,4.99,4.99,5.99,5.99,7.99,7.99
CRI,0.75,5.99,5.99,8.99,8.99,10.99,10.99,13.99,13.99
CYM,0.775,5.99,5.99,8.99,8.99,11.99,11.99,14.99,14.99
CYP,0.735,6.99,6.21,9.99,9.22,12.99,10.82,14.99,14.24
CZE,0.821,159.0,6.38,249.0,9.98,329.0,12.36,409.0,15.56
DEU,0.823,6.99,6.21,10.99,10.14,14.99,12.49,15.99,15.19
DMA,0.3,2.49,2.49,3.99,3.99,5.99,5.99,7.99,7.99
DNK,1.016,69.0,7.99,99.0,11.99,129.0,14.99,179.0,18.99
DOM,0.5,3.99,3.99,5.99,5.99,7.49,7.49,9.99,9.99
DZA,0.4,2.99,2.99,4.99,4.99,5.99,5.99,7.99,7.99
ECU,0.45,3.49,3.49,4.99,4.99,6.99,6.99,8.99,8.99
EGY,0.161,99.99,2.0,199.99,4.0,319.99,6.0,419.99,7.98
ESP,0.882,7.99,7.1,10.99,10.14,15.99,13.32,17.99,17.09
EST,0.581,4.99,4.43,7.99,7.37,9.99,8.32,11.99,11.39
FIN,0.823,6.99,6.21,10.99,10.14,14.99,12.49,15.99,15.19
FJI,0.4,2.99,2.99,4.99,4.99,5.99,5.99,7.99,7.99
FRA,0.882,7.99,7.1,10.99,10.14,15.99,13.32,17.99,17.09
FSM,1.0,7.99,7.99,11.99,11.99,14.99,14.99,18.99,18.99
GAB,0.4,2.99,2.99,4.99,4.99,5.99,5.99,7.99,7.99
GBR,0.884,6.99,6.99,10.99,10.99,12.99,12.99,17.99,17.09
GEO,0.694,6.99,5.59,9.99,7.99,11.99,9.99,15.99,13.21
GHA,0.4,3.99,3.19,5.99,4.79,6.99,5.82,9.99,8.25
GMB,0.4,2.99,2.99,4.99,4.99,5.99,5.99,7.99,7.99
GNB,0.4,2.99,2.99,4.99,4.99,5.99,5.99,7.99,7.99
GRC,0.735,6.99,6.21,9.99,9.22,12.99,10.82,14.99,14.24
GRD,0.3,2.49,2.49,3.99,3.99,5.99,5.99,7.99,7.99
GTM,0.5,3.99,3.99,5.99,5.99,7.49,7.49,9.99,9.99
GUY,0.3,2.49,2.49,3.99,3.99,5.99,5.99,7.99,7.99
HKG,0.625,38.0,5.23,58.0,7.9,78.0,9.91,88.0,11.29
HND,0.5,3.99,3.99,5.99,5.99,7.49,7.49,9.99,9.99
HRV,0.588,4.99,4.43,7.99,7.37,10.99,9.16,11.99,11.39
HUN,0.742,2590.0,5.93,3690.0,8.87,5190.0,11.13,6690.0,14.13
IDN,0.346,49000.0,2.63,79000.0,4.14,119000.0,5.97,169000.0,8.04
IND,0.264,209.0,2.09,399.0,3.99,599.0,5.99,839.0,7.97
IRL,1.0,8.99,7.99,12.99,11.99,17.99,14.99,19.99,18.99
IRQ,0.4,2.99,2.99,4.99,4.99,5.99,5.99,7.99,7.99
ISL,0.882,8.99,7.19,12.99,10.39,15.99,13.32,19.99,16.51
ISR,0.945,23.9,7.67,37.9,11.39,46.9,14.09,56.9,18.04
ITA,0.823,6.99,6.21,10.99,10.14,14.99,12.49,15.99,15.19
JAM,0.35,2.99,2.99,3.99,3.99,5.99,5.99,7.99,7.99
JOR,0.4,2.99,2.99,4.99,4.99,5.99,5.99,7.99,7.99
JPN,0.507,700.0,4.3,1000.0,6.0,1300.0,7.79,1500.0,9.49
KAZ,0.581,2900.0,4.64,4090.0,7.02,5190.0,8.65,5790.0,11.01
KEN,0.271,2.99,2.39,4.99,3.99,6.99,5.82,9.99,8.25
KGZ,0.581,4.99,4.43,7.99,7.37,8.99,8.99,11.99,11.39
KHM,0.4,3.49,3.1,4.99,4.61,5.99,5.99,7.99,7.59
KNA,0.775,5.99,5.99,8.99,8.99,11.99,11.99,14.99,14.99
KOR,0.463,5000.0,3.33,9000.0,5.68,12000.0,7.2,15000.0,8.63
KWT,0.6,4.99,4.99,6.99,6.99,8.99,8.99,10.99,10.99
LAO,0.4,3.49,3.1,4.99,4.61,5.99,5.99,7.99,7.59
LBN,0.4,2.99,2.99,4.99,4.99,5.99,5.99,7.99,7.99
LBR,0.4,2.99,2.99,4.99,4.99,5.99,5.99,7.99,7.99
LBY,0.4,2.99,2.99,4.99,4.99,5.99,5.99,7.99,7.99
LCA,0.3,2.49,2.49,3.99,3.99,5.99,5.99,7.99,7.99
LKA,0.4,2.99,2.99,4.99,4.99,5.99,5.99,7.99,7.99
LTU,0.647,5.99,5.32,7.99,7.37,11.99,9.99,12.99,12.34
LUX,0.988,8.99,7.99,12.99,11.99,17.99,14.99,19.99,18.99
LVA,0.581,4.99,4.43,7.99,7.37,9.99,8.32,11.99,11.39
MAC,0.5,3.99,3.99,5.99,5.99,7.49,7.49,9.99,9.99
MAR,0.355,3.49,2.79,4.99,3.99,6.99,5.82,9.99,8.25
MDA,0.581,5.99,4.79,8.99,7.19,9.99,8.32,12.99,10.73
MDG,0.4,2.99,2.99,4.99,4.99,5.99,5.99,7.99,7.99
MDV,0.7,5.99,5.99,7.99,7.99,10.99,10.99,12.99,12.99
MEX,0.781,139.0,6.2,199.0,9.58,229.0,11.48,309.0,14.71
MKD,0.465,3.99,3.99,5.99,5.99,6.99,6.99,8.99,8.99
MLI,0.4,2.99,2.99,4.99,4.99,5.99,5.99,7.99,7.99
MLT,0.814,6.99,6.21,10.99,10.14,14.99,12.49,15.99,15.19
MMR,0.4,2.99,2.99,4.99,4.99,5.99,5.99,7.99,7.99
MNE,0.465,2.99,3.42,4.99,5.99,5.99,6.91,7.99,8.43
MNG,0.4,2.99,2.99,4.99,4.99,5.99,5.99,7.99,7.99
MOZ,0.4,2.99,2.99,4.99,4.99,5.99,5.99,7.99,7.99
MRT,0.4,2.99,2.99,4.99,4.99,5.99,5.99,7.99,7.99
MSR,0.775,5.99,5.99,8.99,8.99,11.99,11.99,14.99,14.99
MUS,0.4,3.99,3.19,5.99,4.79,6.99,5.82,9.99,8.25
MWI,0.4,2.99,2.99,4.99,4.99,5.99,5.99,7.99,7.99
MYS,0.637,25.9,5.19,37.9,7.59,44.9,9.63,56.9,12.02
NAM,0.4,2.99,2.99,4.99,4.99,5.99,5.99,7.99,7.99
NER,0.4,2.99,2.99,4.99,4.99,5.99,5.99,7.99,7.99
NGA,0.24,3200.0,1.98,6900.0,4.16,9900.0,5.96,12900.0,8.19
NIC,0.35,2.99,2.99,3.99,3.99,5.99,5.99,7.99,7.99
NLD,0.941,7.99,7.1,11.99,11.07,16.99,14.16,18.99,18.04
NOR,0.699,69.0,5.57,109.0,8.77,139.0,10.47,179.0,13.65
NPL,0.4,3.99,3.19,5.99,4.79,6.99,5.82,9.99,8.25
NRU,0.7,5.99,5.99,7.99,7.99,10.99,10.99,12.99,12.99
NZL,0.775,11.99,6.39,15.99,9.59,22.99,11.49,26.99,14.65
OMN,0.525,3.99,3.99,5.99,5.99,7.99,7.99,9.99,9.99
PAK,0.144,500.0,1.82,1200.0,4.11,1500.0,5.77,2000.0,7.75
PAN,0.5,3.99,3.99,5.99,5.99,7.49,7.49,9.99,9.99
PER,0.592,20.9,4.78,29.9,7.18,40.9,8.77,46.9,11.15
PHL,0.371,189.0,3.03,299.0,4.49,399.0,5.99,499.0,7.96
PLW,1.0,7.99,7.99,11.99,11.99,14.99,14.99,18.99,18.99
PNG,0.4,2.99,2.99,4.99,4.99,5.99,5.99,7.99,7.99
POL,0.765,30.99,6.19,37.99,9.11,53.99,11.56,68.99,14.56
PRT,0.764,6.99,6.21,9.99,9.22,13.99,11.66,14.99,14.24
PRY,0.3,2.49,2.49,3.99,3.99,5.99,5.99,7.99,7.99
QAT,0.6,17.99,4.79,23.99,7.19,29.99,8.99,41.99,11.39
ROU,0.647,25.99,5.19,44.99,7.71,51.99,9.74,64.99,12.34
RUS,0.581,409.0,4.68,579.0,6.95,749.0,8.7,999.0,10.6
RWA,0.4,2.99,2.99,4.99,4.99,5.99,5.99,7.99,7.99
SAU,0.654,22.99,5.25,32.99,7.91,38.99,9.74,51.99,12.34
SEN,0.4,3.99,3.19,5.99,4.79,6.99,5.82,9.99,8.25
SGP,0.907,8.98,7.19,15.98,10.66,17.98,13.49,26.98,17.09
SLB,0.4,2.99,2.99,4.99,4.99,5.99,5.99,7.99,7.99
SLE,0.4,2.99,2.99,4.99,4.99,5.99,5.99,7.99,7.99
SLV,0.5,3.99,3.99,5.99,5.99,7.49,7.49,9.99,9.99
SRB,0.523,4.99,4.43,6.99,6.45,8.99,7.49,9.99,9.49
STP,0.4,2.99,2.99,4.99,4.99,5.99,5.99,7.99,7.99
SUR,0.3,2.99,2.66,3.99,3.68,5.99,5.99,7.99,7.59
SVK,0.676,5.99,5.32,8.99,8.3,11.99,9.99,13.99,13.29
SVN,0.523,4.99,4.43,6.99,6.45,8.99,7.49,9.99,9.49
SWE,0.809,79.0,6.38,119.0,9.58,159.0,11.98,199.0,15.18
SWZ,0.4,2.99,2.99,4.99,4.99,5.99,5.99,7.99,7.99
SYC,0.4,2.99,2.99,4.99,4.99,5.99,5.99,7.99,7.99
TCA,0.775,5.99,5.99,8.99,8.99,11.99,11.99,14.99,14.99
TCD,0.4,2.99,2.99,4.99,4.99,5.99,5.99,7.99,7.99
THA,0.542,159.0,4.25,219.0,6.58,269.0,8.08,379.0,10.3
TJK,0.694,5.99,5.32,8.99,8.3,9.99,9.99,13.99,13.29
TKM,0.581,4.99,4.99,6.99,6.99,8.99,8.99,10.99,10.99
TON,0.4,2.99,2.99,4.99,4.99,5.99,5.99,7.99,7.99
TTO,0.775,5.99,5.99,8.99,8.99,11.99,11.99,14.99,14.99
TUN,0.4,2.99,2.99,4.99,4.99,5.99,5.99,7.99,7.99
TUR,0.32,129.99,2.6,199.99,4.0,319.99,6.0,419.99,7.98
TWN,0.606,190.0,5.23,240.0,7.38,290.0,8.87,360.0,11.59
TZA,0.4,9000.0,3.14,13900.0,4.78,15900.0,5.97,20900.0,7.95
UGA,0.4,3.99,3.19,5.99,4.79,6.99,5.82,9.99,8.25
UKR,0.441,4.49,3.59,6.99,5.59,7.99,6.66,9.99,8.25
URY,0.85,6.99,6.99,9.99,9.99,12.99,12.99,15.99,15.99
USA,1.0,7.99,7.99,11.99,11.99,14.99,14.99,18.99,18.99
UZB,0.581,4.99,4.43,7.99,7.37,8.99,8.99,11.99,11.39
VCT,0.3,2.49,2.49,3.99,3.99,5.99,5.99,7.99,7.99
VEN,0.3,2.49,2.49,3.99,3.99,5.99,5.99,7.99,7.99
VGB,0.775,5.99,5.99,8.99,8.99,11.99,11.99,14.99,14.99
VNM,0.441,109000.0,3.5,179000.0,5.38,219000.0,6.58,269000.0,8.53
VUT,0.4,2.99,2.99,4.99,4.99,5.99,5.99,7.99,7.99
XKS,0.465,3.99,3.55,5.99,5.53,7.99,6.66,8.99,8.54
YEM,0.4,2.99,2.99,4.99,4.99,5.99,5.99,7.99,7.99
ZAF,0.547,81.99,4.37,134.99,6.47,164.99,8.24,219.99,10.44
ZMB,0.4,3.99,3.19,5.99,4.79,6.99,5.82,9.99,8.25
ZWE,0.4,3.99,3.19,5.99,4.79,6.99,5.82,9.99,8.25
